{
  "project_info": {
    "project_number": "338882519588",
    "project_id": "crudevaluacion-28121",
    "storage_bucket": "crudevaluacion-28121.appspot.com"
  },
  "client": [
    {
      "client_info": {
        "mobilesdk_app_id": "1:338882519588:android:5f47e8f412e16caed8aeb1",
        "android_client_info": {
          "package_name": "com.example.crudevalucion"
        }
      },
      "oauth_client": [
        {
          "client_id": "338882519588-eoi38snb1kdta97uomp2vejqla7hn8os.apps.googleusercontent.com",
          "client_type": 1,
          "android_info": {
            "package_name": "com.example.crudevalucion",
            "certificate_hash": "d79a2734eae1a7ba12ade80540565a28a27dcbaa"
          }
        },
        {
          "client_id": "338882519588-83pqc7sl69hcofvu8q3dpe3g0ats68l4.apps.googleusercontent.com",
          "client_type": 3
        }
      ],
      "api_key": [
        {
          "current_key": "AIzaSyCz6IlbWpvVu2WWN8wqD7ZYUXYBaHEz8c0"
        }
      ],
      "services": {
        "appinvite_service": {
          "other_platform_oauth_client": [
            {
              "client_id": "338882519588-83pqc7sl69hcofvu8q3dpe3g0ats68l4.apps.googleusercontent.com",
              "client_type": 3
            }
          ]
        }
      }
    }
  ],
  "configuration_version": "1"
}